Type,Suburb / Postcode,Area Room Name
Suburb,Abbotsford,Inner Melbourne
Suburb,Aberfoyle Park,Southern Adelaide
Suburb,Acacia Gardens,Hills District
Suburb,Acton,Inner Canberra
Suburb,Adamstown,Newcastle & Hunter
Suburb,Adelaide,Inner Adelaide
Suburb,Ainslie,Inner Canberra
Suburb,Aitkenvale,Townsville
Suburb,Albany Creek,North Brisbane
Suburb,Albion,Western Melbourne
Suburb,Albion Park,Wollongong & Illawarra
Suburb,Aldgate,Adelaide Hills
Suburb,Alexandra Hills,Redlands
Suburb,Alexandria,Sydney CBD & Surrounds
Suburb,Alfredton,Ballarat
Suburb,Alice Springs,Alice Springs
Suburb,Altona,Western Melbourne
Suburb,Altona Meadows,Western Melbourne
Suburb,Altona North,Western Melbourne
Suburb,Amaroo,Gungahlin
Suburb,Annandale,Inner West Sydney
Suburb,Annerley,South Brisbane
Suburb,Applecross,South Perth & Fremantle
Suburb,Ardeer,Western Melbourne
Suburb,Armadale,Inner South Melbourne
Suburb,Armstrong Creek,Geelong & Surf Coast
Suburb,Arncliffe,St George
Suburb,Artarmon,Lower North Shore
Suburb,Ashfield,Inner West Sydney
Suburb,Aspendale,Bayside Melbourne
Suburb,Aspley,North Brisbane
Suburb,Asquith,Upper North Shore
Suburb,Auburn,Parramatta & Surrounds
Suburb,Auchenflower,Inner Brisbane
Suburb,Augustine Heights,Ipswich & Springfield
Suburb,Avalon,Northern Beaches
Suburb,Avalon Beach,Northern Beaches
Suburb,Avoca Beach,Central Coast
Suburb,Balaclava,Inner South Melbourne
Suburb,Bald Hills,Moreton Bay
Suburb,Baldivis,Southern Perth
Suburb,Balga,Northern Perth
Suburb,Balgowlah,Northern Beaches
Suburb,Balgowlah Heights,Northern Beaches
Suburb,Balgownie,Wollongong & Illawarra
Suburb,Balhannah,Adelaide Hills
Suburb,Ballarat,Ballarat
Suburb,Ballarat Central,Ballarat
Suburb,Ballarat North,Ballarat
Suburb,Balmain,Inner West Sydney
Suburb,Balmain East,Inner West Sydney
Suburb,Balmoral,East Brisbane & Bayside
Suburb,Balwyn,Inner East Melbourne
Suburb,Balwyn North,Inner East Melbourne
Suburb,Bangor,Sutherland Shire
Suburb,Barangaroo,Sydney CBD & Surrounds
Suburb,Bardon,Inner Brisbane
Suburb,Bardwell Park,St George
Suburb,Barton,Inner Canberra
Suburb,Barwon Heads,Geelong & Surf Coast
Suburb,Bassendean,Eastern Perth
Suburb,Bateau Bay,Central Coast
Suburb,Battery Point,Hobart
Suburb,Baulkham Hills,Hills District
Suburb,Bayswater,Eastern Perth
Suburb,Bayswater North,Outer East Melbourne
Suburb,Bayview,Northern Beaches
Suburb,Beacon Hill,Northern Beaches
Suburb,Beaconsfield,Sydney CBD & Surrounds
Suburb,Beaumaris,Bayside Melbourne
Suburb,Beechboro,Eastern Perth
Suburb,Beecroft,Upper North Shore
Suburb,Beenleigh,Logan & Beenleigh
Suburb,Belconnen,Belconnen
Suburb,Beldon,Northern Perth
Suburb,Belgrave,Outer East Melbourne
Suburb,Bella Vista,Hills District
Suburb,Bellbird Park,Ipswich & Springfield
Suburb,Bellerive,Hobart
Suburb,Bellevue Hill,Eastern Suburbs
Suburb,Belmont,Geelong & Surf Coast
Suburb,Belrose,Northern Beaches
Suburb,Bendigo,Bendigo
Suburb,Benowa,Gold Coast
Suburb,Bentleigh,Inner South Melbourne
Suburb,Bentleigh East,Inner South Melbourne
Suburb,Bentley Park,Cairns
Suburb,Berala,Parramatta & Surrounds
Suburb,Berkeley Vale,Central Coast
Suburb,Berowra,Upper North Shore
Suburb,Beverly Hills,St George
Suburb,Bexley,St George
Suburb,Bibra Lake,South Perth & Fremantle
Suburb,Bicton,South Perth & Fremantle
Suburb,Bidwill,Blacktown & Mount Druitt
Suburb,Biggera Waters,Gold Coast North
Suburb,Bilgola,Northern Beaches
Suburb,Bilgola Plateau,Northern Beaches
Suburb,Bilinga,Gold Coast
Suburb,Birchgrove,Inner West Sydney
Suburb,Birkdale,Redlands
Suburb,Birtinya,Sunshine Coast
Suburb,Black Rock,Bayside Melbourne
Suburb,Blackmans Bay,Hobart
Suburb,Blacktown,Blacktown & Mount Druitt
Suburb,Blairgowrie,Frankston & Mornington Peninsula
Suburb,Blakehurst,St George
Suburb,Blaxland,Penrith & Blue Mountains
Suburb,Bli Bli,Sunshine Coast
Suburb,Blues Point,Lower North Shore
Suburb,Bohle Plains,Townsville
Suburb,Bokarina,Sunshine Coast
Suburb,Bonbeach,Bayside Melbourne
Suburb,Bondi,Eastern Suburbs
Suburb,Bondi Beach,Eastern Suburbs
Suburb,Bondi Junction,Eastern Suburbs
Suburb,Bonnet Bay,Sutherland Shire
Suburb,Boondall,North Brisbane
Suburb,Booragoon,South Perth & Fremantle
Suburb,Booval,Ipswich & Springfield
Suburb,Boronia,Outer East Melbourne
Suburb,Bossley Park,Western Sydney
Suburb,Box Hill,Inner East Melbourne
Suburb,Box Hill North,Inner East Melbourne
Suburb,Box Hill South,Inner East Melbourne
Suburb,Bracken Ridge,North Brisbane
Suburb,Braddon,Inner Canberra
Suburb,Braitling,Alice Springs
Suburb,Brendale,Moreton Bay
Suburb,Bridgewater,Adelaide Hills
Suburb,Brighton,Bayside Melbourne
Suburb,Brighton East,Bayside Melbourne
Suburb,Brighton-Le-Sands,St George
Suburb,Brisbane City,Inner Brisbane
Suburb,Broadbeach,Gold Coast
Suburb,Broadbeach Waters,Gold Coast
Suburb,Broadmeadow,Newcastle & Hunter
Suburb,Bronte,Eastern Suburbs
Suburb,Brookvale,Northern Beaches
Suburb,Bruce,Belconnen
Suburb,Brunswick,Inner Melbourne
Suburb,Brunswick East,Inner Melbourne
Suburb,Brunswick West,Inner Melbourne
Suburb,Buderim,Sunshine Coast
Suburb,Budgewoi,Central Coast
Suburb,Bulimba,East Brisbane & Bayside
Suburb,Bull Creek,South Perth & Fremantle
Suburb,Bundamba,Ipswich & Springfield
Suburb,Bundoora,Northern Melbourne
Suburb,Burleigh Heads,Gold Coast
Suburb,Burleigh Waters,Gold Coast
Suburb,Burnie,North West Tasmania
Suburb,Burnside,Eastern Adelaide
Suburb,Burpengary,Moreton Bay
Suburb,Burswood,Inner Perth
Suburb,Burwood,Inner West Sydney
Suburb,Burwood East,South East Melbourne
Suburb,Butler,Northern Perth
Suburb,Caboolture,Moreton Bay
Suburb,Cabramatta,Western Sydney
Suburb,Cabramatta West,Western Sydney
Suburb,Cairns,Cairns
Suburb,Cairns North,Cairns
Suburb,California Gully,Bendigo
Suburb,Caloundra,Sunshine Coast
Suburb,Calwell,Tuggeranong
Suburb,Camberwell,Inner East Melbourne
Suburb,Cambridge Park,Penrith & Blue Mountains
Suburb,Camden,South West Sydney
Suburb,Cammeray,Lower North Shore
Suburb,Camp Hill,East Brisbane & Bayside
Suburb,Campbell,Inner Canberra
Suburb,Campbelltown,South West Sydney
Suburb,Camperdown,Inner West Sydney
Suburb,Canley Heights,Western Sydney
Suburb,Canley Vale,Western Sydney
Suburb,Canning Vale,South Perth & Fremantle
Suburb,Cannon Hill,East Brisbane & Bayside
Suburb,Canterbury,Inner East Melbourne
Suburb,Capalaba,Redlands
Suburb,Cardiff,Newcastle & Hunter
Suburb,Carina,East Brisbane & Bayside
Suburb,Carina Heights,East Brisbane & Bayside
Suburb,Carindale,East Brisbane & Bayside
Suburb,Caringbah,Sutherland Shire
Suburb,Caringbah South,South West Sydney
Suburb,Carlingford,Hills District
Suburb,Carlisle,Inner Perth
Suburb,Carlton,Inner Melbourne
Suburb,Carnegie,Inner South Melbourne
Suburb,Carramar,Western Sydney
Suburb,Carrara,Gold Coast
Suburb,Carrum,Bayside Melbourne
Suburb,Carrum Downs,Frankston & Mornington Peninsula
Suburb,Carss Park,St George
Suburb,Casey,Gungahlin
Suburb,Castle Hill,Hills District
Suburb,Castlecrag,Upper North Shore
Suburb,Casuarina,Darwin
Suburb,Casula,Western Sydney
Suburb,Caulfield,Inner South Melbourne
Suburb,Caulfield East,Inner South Melbourne
Suburb,Caulfield North,Inner South Melbourne
Suburb,Caulfield South,Inner South Melbourne
Suburb,Centenary Heights,Toowoomba
Suburb,Cessnock,Newcastle & Hunter
Suburb,Charlestown,Newcastle & Hunter
Suburb,Charnwood,Belconnen
Suburb,Chatswood,Upper North Shore
Suburb,Chelsea,Bayside Melbourne
Suburb,Chelsea Heights,Frankston & Mornington Peninsula
Suburb,Cheltenham,Bayside Melbourne
Suburb,Chermside,North Brisbane
Suburb,Cherrybrook,Upper North Shore
Suburb,Chippendale,Sydney CBD & Surrounds
Suburb,Christie Downs,Southern Adelaide
Suburb,Christies Beach,Southern Adelaide
Suburb,Ciccone,Alice Springs
Suburb,Claremont,Inner Perth
Suburb,Clarence,Hobart
Suburb,Clarence Park,Inner Adelaide
Suburb,Clarkson,Northern Perth
Suburb,Clayton,South East Melbourne
Suburb,Clayton South,South East Melbourne
Suburb,Cleveland,Redlands
Suburb,Clifton Beach,Cairns
Suburb,Clifton Hill,Inner Melbourne
Suburb,Clontarf,Northern Beaches
Suburb,Clovelly,Eastern Suburbs
Suburb,Coburg,Inner Melbourne
Suburb,Coburg North,Inner Melbourne
Suburb,Coconut Grove,Darwin
Suburb,Colebee,Blacktown & Mount Druitt
Suburb,Collaroy,Northern Beaches
Suburb,Collaroy Plateau,Northern Beaches
Suburb,Collingwood,Inner Melbourne
Suburb,Collingwood Park,Ipswich & Springfield
Suburb,Colonel Light Gardens,Inner Adelaide
Suburb,Como,South Perth & Fremantle
Suburb,Concord,Inner West Sydney
Suburb,Concord West,Inner West Sydney
Suburb,Condon,Townsville
Suburb,Coniston,Wollongong & Illawarra
Suburb,Connells Point,St George
Suburb,Coogee,Eastern Suburbs
Suburb,Coolangatta,Gold Coast
Suburb,Coolum Beach,Sunshine Coast
Suburb,Coomera,Gold Coast North
Suburb,Coopers Plains,South Brisbane
Suburb,Corio,Geelong & Surf Coast
Suburb,Corrimal,Wollongong & Illawarra
Suburb,Cottesloe,Inner Perth
Suburb,Crafers,Adelaide Hills
Suburb,Cranbrook,Townsville
Suburb,Cranebrook,Penrith & Blue Mountains
Suburb,Crawley,Inner Perth
Suburb,Cremorne,Lower North Shore
Suburb,Crestmead,Logan & Beenleigh
Suburb,Cronulla,Sutherland Shire
Suburb,Crows Nest,Lower North Shore
Suburb,Croydon,Inner West Sydney
Suburb,Curl Curl,Northern Beaches
Suburb,Currambine,Northern Perth
Suburb,Currumbin,Gold Coast
Suburb,Currumbin Waters,Gold Coast
Suburb,Curtin,Woden & Weston Creek
Suburb,Daisy Hill,Logan & Beenleigh
Suburb,Dalkeith,Inner Perth
Suburb,Dandenong,South East Melbourne
Suburb,Dapto,Wollongong & Illawarra
Suburb,Darling Point,Eastern Suburbs
Suburb,Darlinghurst,Sydney CBD & Surrounds
Suburb,Darlington,Inner West Sydney
Suburb,Darwin,Darwin
Suburb,Davidson,Northern Beaches
Suburb,Deakin,Inner Canberra
Suburb,Deception Bay,Moreton Bay
Suburb,Dee Why,Northern Beaches
Suburb,Deer Park,Western Melbourne
Suburb,Devonport,North West Tasmania
Suburb,Diamond Creek,Northern Melbourne
Suburb,Dickson,Inner Canberra
Suburb,Docklands,Inner Melbourne
Suburb,Doncaster,Inner East Melbourne
Suburb,Doncaster East,Inner East Melbourne
Suburb,Doonside,Blacktown & Mount Druitt
Suburb,Double Bay,Eastern Suburbs
Suburb,Dover Heights,Eastern Suburbs
Suburb,Downer,Inner Canberra
Suburb,Dromana,Frankston & Mornington Peninsula
Suburb,Drummoyne,Inner West Sydney
Suburb,Drysdale,Geelong & Surf Coast
Suburb,Dudley Park,Southern Perth
Suburb,Duffy,Woden & Weston Creek
Suburb,Dulwich Hill,Inner West Sydney
Suburb,Duncraig,Northern Perth
Suburb,Dural,Hills District
Suburb,Eagleby,Logan & Beenleigh
Suburb,Eaglehawk,Bendigo
Suburb,Earlwood,St George
Suburb,East Fremantle,South Perth & Fremantle
Suburb,East Maitland,Newcastle & Hunter
Suburb,East Melbourne,Inner Melbourne
Suburb,East Perth,Inner Perth
Suburb,East Side,Alice Springs
Suburb,East Toowoomba,Toowoomba
Suburb,Eastwood,Upper North Shore
Suburb,Edensor Park,Western Sydney
Suburb,Edge Hill,Cairns
Suburb,Edgecliff,Eastern Suburbs
Suburb,Edgewater,Northern Perth
Suburb,Edithvale,Bayside Melbourne
Suburb,Eight Mile Plains,South Brisbane
Suburb,Elanora Heights,Northern Beaches
Suburb,Elizabeth,Northern Adelaide
Suburb,Elizabeth Bay,Sydney CBD & Surrounds
Suburb,Ellenbrook,Eastern Perth
Suburb,Elsternwick,Inner South Melbourne
Suburb,Eltham,Northern Melbourne
Suburb,Elwood,Inner South Melbourne
Suburb,Emu Plains,Penrith & Blue Mountains
Suburb,Engadine,Sutherland Shire
Suburb,Enmore,Inner West Sydney
Suburb,Epping,Upper North Shore
Suburb,Erina,Central Coast
Suburb,Erindale,Tuggeranong
Suburb,Erskineville,Inner West Sydney
Suburb,Ettalong Beach,Central Coast
Suburb,Eumundi,Sunshine Coast
Suburb,Evatt,Belconnen
Suburb,Everton Park,North Brisbane
Suburb,Fadden,Tuggeranong
Suburb,Fairfield,Western Sydney
Suburb,Fairlight,Northern Beaches
Suburb,Fairy Meadow,Wollongong & Illawarra
Suburb,Fannie Bay,Darwin
Suburb,Ferntree Gully,Outer East Melbourne
Suburb,Fig Tree Pocket,Inner Brisbane
Suburb,Figtree,Wollongong & Illawarra
Suburb,Findon,Western Adelaide & Glenelg
Suburb,Fisher,Woden & Weston Creek
Suburb,Fitzroy,Inner Melbourne
Suburb,Fitzroy North,Inner Melbourne
Suburb,Five Dock,Inner West Sydney
Suburb,Flemington,Parramatta & Surrounds
Suburb,Flora Hill,Bendigo
Suburb,Florey,Belconnen
Suburb,Flynn,Belconnen
Suburb,Footscray,Western Melbourne
Suburb,Forest Lodge,Inner West Sydney
Suburb,Forestville,Northern Beaches
Suburb,Forrest,Inner Canberra
Suburb,Forrestfield,Eastern Perth
Suburb,Fortitude Valley,Inner Brisbane
Suburb,Franklin,Gungahlin
Suburb,Frankston,Frankston & Mornington Peninsula
Suburb,Frankston North,Frankston & Mornington Peninsula
Suburb,Frankston South,Frankston & Mornington Peninsula
Suburb,Fremantle,Inner Perth
Suburb,Frenchs Forest,Northern Beaches
Suburb,Freshwater,Northern Beaches
Suburb,Fulham,Western Adelaide & Glenelg
Suburb,Fullarton,Inner Adelaide
Suburb,Gardenvale,Inner South Melbourne
Suburb,Gateshead,Newcastle & Hunter
Suburb,Gawler,Northern Adelaide
Suburb,Geebung,North Brisbane
Suburb,Geelong,Geelong & Surf Coast
Suburb,Geelong West,Geelong & Surf Coast
Suburb,Gillen,Alice Springs
Suburb,Girraween,Hills District
Suburb,Gladesville,Upper North Shore
Suburb,Glebe,Inner West Sydney
Suburb,Glen Huntly,Inner South Melbourne
Suburb,Glen Iris,Inner South Melbourne
Suburb,Glen Waverley,South East Melbourne
Suburb,Glenelg,Western Adelaide & Glenelg
Suburb,Glenfield,South West Sydney
Suburb,Glenhaven,Hills District
Suburb,Glenmore Park,Penrith & Blue Mountains
Suburb,Glenorchy,Hobart
Suburb,Golden Bay,Southern Perth
Suburb,Golden Grove,Northern Adelaide
Suburb,Golden Square,Bendigo
Suburb,Goodna,Ipswich & Springfield
Suburb,Goodwood,Inner Adelaide
Suburb,Gordon,Upper North Shore
Suburb,Gordonvale,Cairns
Suburb,Gore Hill,Lower North Shore
Suburb,Gosford,Central Coast
Suburb,Gowrie,Tuggeranong
Suburb,Granville,Parramatta & Surrounds
Suburb,Gray,Darwin
Suburb,Grays Point,Sutherland Shire
Suburb,Green Valley,Western Sydney
Suburb,Greensborough,Northern Melbourne
Suburb,Greenslopes,South Brisbane
Suburb,Greenway,Tuggeranong
Suburb,Greenwich,Lower North Shore
Suburb,Greenwith,Northern Adelaide
Suburb,Greenwood,Northern Perth
Suburb,Gregory Hills,South West Sydney
Suburb,Grovedale,Geelong & Surf Coast
Suburb,Guildford,Eastern Perth
Suburb,Gumdale,East Brisbane & Bayside
Suburb,Gungahlin,Gungahlin
Suburb,Gwynneville,Wollongong & Illawarra
Suburb,Gymea,Sutherland Shire
Suburb,Gymea Bay,Sutherland Shire
Suburb,Haberfield,Inner West Sydney
Suburb,Hackett,Inner Canberra
Suburb,Hahndorf,Adelaide Hills
Suburb,Hallett Cove,Southern Adelaide
Suburb,Halls Head,Southern Perth
Suburb,Hamilton,Newcastle & Hunter
Suburb,Hampton,Bayside Melbourne
Suburb,Hampton East,Bayside Melbourne
Suburb,Happy Valley,Southern Adelaide
Suburb,Harrington Park,South West Sydney
Suburb,Harris Park,Parramatta & Surrounds
Suburb,Harrison,Gungahlin
Suburb,Harristown,Toowoomba
Suburb,Hawksburn,Inner South Melbourne
Suburb,Hawthorn,Inner East Melbourne
Suburb,Hawthorn East,Inner East Melbourne
Suburb,Hawthorne,East Brisbane & Bayside
Suburb,Haymarket,Sydney CBD & Surrounds
Suburb,Healesville,Outer East Melbourne
Suburb,Heathcote,Sutherland Shire
Suburb,Heatherton,Bayside Melbourne
Suburb,Heatley,Townsville
Suburb,Hebersham,Blacktown & Mount Druitt
Suburb,Hectorville,Eastern Adelaide
Suburb,Heidelberg,Northern Melbourne
Suburb,Heidelberg Heights,Northern Melbourne
Suburb,Heidelberg West,Northern Melbourne
Suburb,Helensvale,Gold Coast North
Suburb,Henley Beach,Western Adelaide & Glenelg
Suburb,Henley Brook,Eastern Perth
Suburb,High Wycombe,Eastern Perth
Suburb,Highett,Bayside Melbourne
Suburb,Highgate,Inner Perth
Suburb,Highton,Geelong & Surf Coast
Suburb,Hillarys,Northern Perth
Suburb,Hindmarsh,Western Adelaide & Glenelg
Suburb,Hobart,Hobart
Suburb,Holland Park,South Brisbane
Suburb,Holland Park West,South Brisbane
Suburb,Holt,Belconnen
Suburb,Homebush,Inner West Sydney
Suburb,Hope Island,Gold Coast North
Suburb,Hoppers Crossing,Western Melbourne
Suburb,Hornsby,Upper North Shore
Suburb,Howrah,Hobart
Suburb,Hughes,Woden & Weston Creek
Suburb,Hunters Hill,Lower North Shore
Suburb,Huonville,Hobart
Suburb,Hurstville,St George
Suburb,Idalia,Townsville
Suburb,Indooroopilly,Inner Brisbane
Suburb,Ingle Farm,Northern Adelaide
Suburb,Ingleburn,South West Sydney
Suburb,Ingleside,Northern Beaches
Suburb,Invermay,Launceston
Suburb,Ipswich,Ipswich & Springfield
Suburb,Isabella Plains,Tuggeranong
Suburb,Jamisontown,Penrith & Blue Mountains
Suburb,Jan Juc,Geelong & Surf Coast
Suburb,Jannali,Sutherland Shire
Suburb,Jesmond,Newcastle & Hunter
Suburb,Jingili,Darwin
Suburb,Joondalup,Northern Perth
Suburb,Kalamunda,Eastern Perth
Suburb,Kallangur,North Brisbane
Suburb,Kambah,Tuggeranong
Suburb,Kangaroo Flat,Bendigo
Suburb,Karama,Darwin
Suburb,Kardinya,South Perth & Fremantle
Suburb,Katoomba,Penrith & Blue Mountains
Suburb,Kawana,Sunshine Coast
Suburb,Kearneys Spring,Toowoomba
Suburb,Kedron,North Brisbane
Suburb,Keiraville,Wollongong & Illawarra
Suburb,Kellyville,Hills District
Suburb,Kellyville Ridge,Hills District
Suburb,Kelso,Townsville
Suburb,Kenmore,Inner Brisbane
Suburb,Kensington,Eastern Suburbs
Suburb,Keperra,North Brisbane
Suburb,Kew,Inner East Melbourne
Suburb,Kew East,Inner East Melbourne
Suburb,Kiama,Wollongong & Illawarra
Suburb,Killara,Upper North Shore
Suburb,Killarney Vale,Central Coast
Suburb,Kings Cross,Sydney CBD & Surrounds
Suburb,Kings Langley,Hills District
Suburb,Kings Meadows,Launceston
Suburb,Kings Park,Hills District
Suburb,Kingsbury,Northern Melbourne
Suburb,Kingsford,Eastern Suburbs
Suburb,Kingston,Inner Canberra
Suburb,Kingswood,Penrith & Blue Mountains
Suburb,Kinross,Northern Perth
Suburb,Kippa-Ring,Moreton Bay
Suburb,Kirrawee,Sutherland Shire
Suburb,Kirribilli,Lower North Shore
Suburb,Kirwan,Townsville
Suburb,Knox,Outer East Melbourne
Suburb,Knoxfield,Outer East Melbourne
Suburb,Kogarah,St George
Suburb,Kooyong,Inner South Melbourne
Suburb,Kotara,Newcastle & Hunter
Suburb,Kurnell,Sutherland Shire
Suburb,Kwinana,Southern Perth
Suburb,Kyeemagh,St George
Suburb,La Perouse,Eastern Suburbs
Suburb,Labrador,Gold Coast
Suburb,Lake Macquarie,Newcastle & Hunter
Suburb,Lakehaven,Central Coast
Suburb,Lakelands,Southern Perth
Suburb,Lalor,Northern Melbourne
Suburb,Lane Cove,Lower North Shore
Suburb,Langwarrin,Frankston & Mornington Peninsula
Suburb,Lansvale,Western Sydney
Suburb,Lara,Geelong & Surf Coast
Suburb,Larapinta,Alice Springs
Suburb,Largs Bay,Western Adelaide & Glenelg
Suburb,Larrakeyah,Darwin
Suburb,Latham,Belconnen
Suburb,Lathlain,Inner Perth
Suburb,Latrobe,North West Tasmania
Suburb,Launceston,Launceston
Suburb,Lavender Bay,Lower North Shore
Suburb,Laverton,Western Melbourne
Suburb,Lawnton,Moreton Bay
Suburb,Lawson,Belconnen
Suburb,Leederville,Inner Perth
Suburb,Leichhardt,Inner West Sydney
Suburb,Leopold,Geelong & Surf Coast
Suburb,Leumeah,South West Sydney
Suburb,Leura,Penrith & Blue Mountains
Suburb,Lewisham,Inner West Sydney
Suburb,Lidcombe,Parramatta & Surrounds
Suburb,Lilli Pilli,Sutherland Shire
Suburb,Lilyfield,Inner West Sydney
Suburb,Lindfield,Upper North Shore
Suburb,Lindisfarne,Hobart
Suburb,Lisarow,Central Coast
Suburb,Lithgow,Penrith & Blue Mountains
Suburb,Little Bay,Eastern Suburbs
Suburb,Liverpool,Western Sydney
Suburb,Logan Central,Logan & Beenleigh
Suburb,Loganlea,Logan & Beenleigh
Suburb,Long Jetty,Central Coast
Suburb,Longueville,Lower North Shore
Suburb,Lota,East Brisbane & Bayside
Suburb,Lucas,Ballarat
Suburb,Lyneham,Inner Canberra
Suburb,Lyons,Woden & Weston Creek
Suburb,Lysterfield,South East Melbourne
Suburb,Macarthur,South West Sydney
Suburb,Macgregor,South Brisbane
Suburb,Macleay Island,Redlands
Suburb,Macleod,Northern Melbourne
Suburb,Macquarie,Belconnen
Suburb,Macquarie Fields,South West Sydney
Suburb,Magill,Eastern Adelaide
Suburb,Maitland,Newcastle & Hunter
Suburb,Malabar,Eastern Suburbs
Suburb,Malak,Darwin
Suburb,Malvern,Inner South Melbourne
Suburb,Malvern East,Inner South Melbourne
Suburb,Mandurah,Southern Perth
Suburb,Mangerton,Wollongong & Illawarra
Suburb,Mango Hill,Moreton Bay
Suburb,Manly,Northern Beaches
Suburb,Manly Vale,Northern Beaches
Suburb,Manly West,East Brisbane & Bayside
Suburb,Manning,South Perth & Fremantle
Suburb,Mansfield,South Brisbane
Suburb,Manunda,Cairns
Suburb,Marayong,Blacktown & Mount Druitt
Suburb,Marcus Beach,Sunshine Coast
Suburb,Margate,Hobart
Suburb,Marina,Southern Adelaide
Suburb,Maroochydore,Sunshine Coast
Suburb,Maroubra,Eastern Suburbs
Suburb,Marrickville,Inner West Sydney
Suburb,Marsden,Logan & Beenleigh
Suburb,Marsden Park,Blacktown & Mount Druitt
Suburb,Mascot,Sydney CBD & Surrounds
Suburb,Maudsland,Gold Coast North
Suburb,Mayfield,Newcastle & Hunter
Suburb,Mcmahons Point,Lower North Shore
Suburb,Meadow Springs,Southern Perth
Suburb,Meadowbank,Upper North Shore
Suburb,Meadowbrook,Logan & Beenleigh
Suburb,Melbourne,Inner Melbourne
Suburb,Melville,South Perth & Fremantle
Suburb,Menai,Sutherland Shire
Suburb,Mentone,Bayside Melbourne
Suburb,Merewether,Newcastle & Hunter
Suburb,Mermaid Beach,Gold Coast
Suburb,Mermaid Waters,Gold Coast
Suburb,Merrylands,Parramatta & Surrounds
Suburb,Miami,Gold Coast
Suburb,Middle Cove,Upper North Shore
Suburb,Middle Ridge,Toowoomba
Suburb,Middle Swan,Eastern Perth
Suburb,Midland,Eastern Perth
Suburb,Mill Park,Northern Melbourne
Suburb,Miller,Western Sydney
Suburb,Millers Point,Sydney CBD & Surrounds
Suburb,Millner,Darwin
Suburb,Milsons Point,Lower North Shore
Suburb,Milton,Inner Brisbane
Suburb,Mindarie,Northern Perth
Suburb,Minto,South West Sydney
Suburb,Miranda,Sutherland Shire
Suburb,Mirrabooka,Northern Perth
Suburb,Mitcham,Inner Adelaide
Suburb,Mitchell,Gungahlin
Suburb,Mitchelton,North Brisbane
Suburb,Modbury,Northern Adelaide
Suburb,Moil,Darwin
Suburb,Molendinar,Gold Coast
Suburb,Mona Vale,Northern Beaches
Suburb,Monbulk,Outer East Melbourne
Suburb,Mont Albert,Inner East Melbourne
Suburb,Mont Albert North,Inner East Melbourne
Suburb,Monterey,St George
Suburb,Montmorency,Northern Melbourne
Suburb,Mooloolaba,Sunshine Coast
Suburb,Moonah,Hobart
Suburb,Moorabbin,Bayside Melbourne
Suburb,Moorebank,Western Sydney
Suburb,Moorooka,South Brisbane
Suburb,Morayfield,Moreton Bay
Suburb,Mordialloc,Bayside Melbourne
Suburb,Morisset,Newcastle & Hunter
Suburb,Morley,Eastern Perth
Suburb,Morningside,East Brisbane & Bayside
Suburb,Mornington,Frankston & Mornington Peninsula
Suburb,Morphett Vale,Southern Adelaide
Suburb,Mortdale,St George
Suburb,Mosman,Lower North Shore
Suburb,Mosman Park,Inner Perth
Suburb,Mount Annan,South West Sydney
Suburb,Mount Barker,Adelaide Hills
Suburb,Mount Clear,Ballarat
Suburb,Mount Cotton,Redlands
Suburb,Mount Druitt,Blacktown & Mount Druitt
Suburb,Mount Eliza,Frankston & Mornington Peninsula
Suburb,Mount Gravatt,South Brisbane
Suburb,Mount Gravatt East,South Brisbane
Suburb,Mount Lawley,Inner Perth
Suburb,Mount Louisa,Townsville
Suburb,Mount Martha,Frankston & Mornington Peninsula
Suburb,Mount Sheridan,Cairns
Suburb,Mount Waverley,South East Melbourne
Suburb,Mowbray,Launceston
Suburb,Mudgeeraba,Gold Coast
Suburb,Mulgrave,South East Melbourne
Suburb,Mullaloo,Northern Perth
Suburb,Mundaring,Eastern Perth
Suburb,Munno Para,Northern Adelaide
Suburb,Murarrie,East Brisbane & Bayside
Suburb,Murdoch,South Perth & Fremantle
Suburb,Murrumba Downs,North Brisbane
Suburb,Murrumbeena,Inner South Melbourne
Suburb,Mylor,Adelaide Hills
Suburb,Nakara,Darwin
Suburb,Nambour,Sunshine Coast
Suburb,Narangba,Moreton Bay
Suburb,Narellan,South West Sydney
Suburb,Naremburn,Lower North Shore
Suburb,Narrabeen,Northern Beaches
Suburb,Narrabundah,Inner Canberra
Suburb,Narraweena,Northern Beaches
Suburb,Nedlands,Inner Perth
Suburb,Nerang,Gold Coast
Suburb,Neutral Bay,Lower North Shore
Suburb,New Farm,Inner Brisbane
Suburb,New Lambton,Newcastle & Hunter
Suburb,New Town,Hobart
Suburb,Newcastle,Newcastle & Hunter
Suburb,Newnham,Launceston
Suburb,Newport,Northern Beaches
Suburb,Newstead,Inner Brisbane
Suburb,Newton,Eastern Adelaide
Suburb,Newtown,Inner West Sydney
Suburb,Ngunnawal,Gungahlin
Suburb,Niagara Park,Central Coast
Suburb,Nicholls,Gungahlin
Suburb,Nightcliff,Darwin
Suburb,Noarlunga,Southern Adelaide
Suburb,Noble Park,South East Melbourne
Suburb,Noble Park North,South East Melbourne
Suburb,Nollamara,Northern Perth
Suburb,Noosa,Sunshine Coast
Suburb,Noosa Heads,Sunshine Coast
Suburb,Noosaville,Sunshine Coast
Suburb,Noranda,Eastern Perth
Suburb,North Adelaide,Inner Adelaide
Suburb,North Bondi,Eastern Suburbs
Suburb,North Coogee,South Perth & Fremantle
Suburb,North Hobart,Hobart
Suburb,North Lakes,Moreton Bay
Suburb,North Narrabeen,Northern Beaches
Suburb,North Strathfield,Inner West Sydney
Suburb,North Sydney,Lower North Shore
Suburb,North Wahroonga,Upper North Shore
Suburb,North Willoughby,Upper North Shore
Suburb,Northbridge,Inner Perth
Suburb,Northcote,Inner Melbourne
Suburb,Northmead,Hills District
Suburb,Norwest,Hills District
Suburb,Norwood,Inner Adelaide
Suburb,Nowra,Wollongong & Illawarra
Suburb,Nunawading,Inner East Melbourne
Suburb,O'Connor,Inner Canberra
Suburb,O'Halloran Hill,Southern Adelaide
Suburb,Oatley,St George
Suburb,Ocean Grove,Geelong & Surf Coast
Suburb,Ocean Reef,Northern Perth
Suburb,Old Toongabbie,Hills District
Suburb,Olinda,Outer East Melbourne
Suburb,Ormeau,Gold Coast North
Suburb,Ormiston,Redlands
Suburb,Ormond,Inner South Melbourne
Suburb,Oxenford,Gold Coast North
Suburb,Oxford Falls,Northern Beaches
Suburb,Paddington,Eastern Suburbs
Suburb,Palm Beach,Northern Beaches
Suburb,Palm Cove,Cairns
Suburb,Palmerston,Darwin
Suburb,Para Hills,Northern Adelaide
Suburb,Paradise,Eastern Adelaide
Suburb,Paradise Point,Gold Coast North
Suburb,Parafield Gardens,Northern Adelaide
Suburb,Parap,Darwin
Suburb,Parkdale,Bayside Melbourne
Suburb,Parkside,Inner Adelaide
Suburb,Parkville,Inner Melbourne
Suburb,Parramatta,Parramatta & Surrounds
Suburb,Patterson Lakes,Frankston & Mornington Peninsula
Suburb,Payneham,Inner Adelaide
Suburb,Penguin,North West Tasmania
Suburb,Pennant Hills,Upper North Shore
Suburb,Pennington,Western Adelaide & Glenelg
Suburb,Penrith,Penrith & Blue Mountains
Suburb,Penshurst,St George
Suburb,Peppermint Grove,Inner Perth
Suburb,Peregian Beach,Sunshine Coast
Suburb,Perth,Inner Perth
Suburb,Petersham,Inner West Sydney
Suburb,Petrie,North Brisbane
Suburb,Phillip,Woden & Weston Creek
Suburb,Pimpama,Gold Coast North
Suburb,Playford,Northern Adelaide
Suburb,Plumpton,Blacktown & Mount Druitt
Suburb,Point Clare,Central Coast
Suburb,Point Cook,Western Melbourne
Suburb,Point Lonsdale,Geelong & Surf Coast
Suburb,Point Piper,Eastern Suburbs
Suburb,Pooraka,Northern Adelaide
Suburb,Port Adelaide,Western Adelaide & Glenelg
Suburb,Port Hacking,Sutherland Shire
Suburb,Port Kembla,Wollongong & Illawarra
Suburb,Port Kennedy,Southern Perth
Suburb,Portarlington,Geelong & Surf Coast
Suburb,Portsea,Frankston & Mornington Peninsula
Suburb,Potts Point,Sydney CBD & Surrounds
Suburb,Prahran,Inner Melbourne
Suburb,Prairiewood,Western Sydney
Suburb,Prestons,Western Sydney
Suburb,Prospect,Launceston
Suburb,Putney,Upper North Shore
Suburb,Pymble,Upper North Shore
Suburb,Pyrmont,Sydney CBD & Surrounds
Suburb,Quakers Hill,Blacktown & Mount Druitt
Suburb,Queens Park,Eastern Suburbs
Suburb,Quinns Rocks,Northern Perth
Suburb,Ramsgate,St George
Suburb,Randwick,Eastern Suburbs
Suburb,Rangeville,Toowoomba
Suburb,Rapid Creek,Darwin
Suburb,Ravenswood,Launceston
Suburb,Raymond Terrace,Newcastle & Hunter
Suburb,Redbank Plains,Ipswich & Springfield
Suburb,Redcliffe,Moreton Bay
Suburb,Redfern,Sydney CBD & Surrounds
Suburb,Redland Bay,Redlands
Suburb,Redlynch,Cairns
Suburb,Reedy Creek,Gold Coast
Suburb,Regents Park,Parramatta & Surrounds
Suburb,Reid,Inner Canberra
Suburb,Research,Northern Melbourne
Suburb,Reservoir,Northern Melbourne
Suburb,Reynella,Southern Adelaide
Suburb,Rhodes,Inner West Sydney
Suburb,Richardson,Tuggeranong
Suburb,Richmond,Inner Melbourne
Suburb,Ripley,Ipswich & Springfield
Suburb,Ripponlea,Inner South Melbourne
Suburb,Riverstone,Blacktown & Mount Druitt
Suburb,Riverview,Lower North Shore
Suburb,Robertson,South Brisbane
Suburb,Robina,Gold Coast
Suburb,Rochedale South,South Brisbane
Suburb,Rockdale,St George
Suburb,Rockingham,Southern Perth
Suburb,Rooty Hill,Blacktown & Mount Druitt
Suburb,Rosanna,Northern Melbourne
Suburb,Rose Bay,Eastern Suburbs
Suburb,Rosebery,Sydney CBD & Surrounds
Suburb,Rosebud,Frankston & Mornington Peninsula
Suburb,Rosehill,Parramatta & Surrounds
Suburb,Rosny Park,Hobart
Suburb,Ross,Alice Springs
Suburb,Rostrevor,Eastern Adelaide
Suburb,Rothwell,Moreton Bay
Suburb,Rouse Hill,Hills District
Suburb,Rowville,South East Melbourne
Suburb,Rozelle,Inner West Sydney
Suburb,Runaway Bay,Gold Coast North
Suburb,Rushcutters Bay,Sydney CBD & Surrounds
Suburb,Ryde,Upper North Shore
Suburb,Rye,Frankston & Mornington Peninsula
Suburb,Safety Bay,Southern Perth
Suburb,Safety Beach,Frankston & Mornington Peninsula
Suburb,Salisbury,Northern Adelaide
Suburb,Sandgate,North Brisbane
Suburb,Sandhurst,Frankston & Mornington Peninsula
Suburb,Sandringham,Bayside Melbourne
Suburb,Sandy Bay,Hobart
Suburb,Sans Souci,St George
Suburb,Sassafras,Outer East Melbourne
Suburb,Schofields,Blacktown & Mount Druitt
Suburb,Scullin,Belconnen
Suburb,Seaford,Frankston & Mornington Peninsula
Suburb,Seaforth,Northern Beaches
Suburb,Seaton,Western Adelaide & Glenelg
Suburb,Sebastopol,Ballarat
Suburb,Secret Harbour,Southern Perth
Suburb,Seddon,Western Melbourne
Suburb,Semaphore,Western Adelaide & Glenelg
Suburb,Seven Hills,Hills District
Suburb,Shailer Park,Logan & Beenleigh
Suburb,Sheffield,North West Tasmania
Suburb,Sheldon,Redlands
Suburb,Shellharbour,Wollongong & Illawarra
Suburb,Shenton Park,Inner Perth
Suburb,Shepherds Bay,Upper North Shore
Suburb,Silverwater,Parramatta & Surrounds
Suburb,Singleton,Southern Perth
Suburb,Sippy Downs,Sunshine Coast
Suburb,Skye,Frankston & Mornington Peninsula
Suburb,Slacks Creek,Logan & Beenleigh
Suburb,Smeaton Grange,South West Sydney
Suburb,Smithfield,Western Sydney
Suburb,Sorell,Hobart
Suburb,Sorrento,Frankston & Mornington Peninsula
Suburb,South Brisbane,Inner Brisbane
Suburb,South Coogee,Eastern Suburbs
Suburb,South Melbourne,Inner Melbourne
Suburb,South Morang,Northern Melbourne
Suburb,South Perth,South Perth & Fremantle
Suburb,South Toowoomba,Toowoomba
Suburb,South Yarra,Inner Melbourne
Suburb,Southport,Gold Coast
Suburb,Spence,Belconnen
Suburb,Spring Hill,Inner Brisbane
Suburb,Springfield,Ipswich & Springfield
Suburb,Springfield Lakes,Ipswich & Springfield
Suburb,Springvale,South East Melbourne
Suburb,Springvale South,South East Melbourne
Suburb,Springwood,Penrith & Blue Mountains
Suburb,St Albans,Western Melbourne
Suburb,St Ives,Upper North Shore
Suburb,St Johns Park,Western Sydney
Suburb,St Kilda,Inner South Melbourne
Suburb,St Kilda East,Inner South Melbourne
Suburb,St Kilda West,Inner South Melbourne
Suburb,St Leonards,Lower North Shore
Suburb,St Lucia,Inner Brisbane
Suburb,St Marys,Penrith & Blue Mountains
Suburb,St Peters,Inner West Sydney
Suburb,Stafford,North Brisbane
Suburb,Stafford Heights,North Brisbane
Suburb,Stanhope Gardens,Blacktown & Mount Druitt
Suburb,Stanmore,Inner West Sydney
Suburb,Stirling,Adelaide Hills
Suburb,Strathdale,Bendigo
Suburb,Strathfield,Inner West Sydney
Suburb,Strathpine,Moreton Bay
Suburb,Stromlo,Woden & Weston Creek
Suburb,Stuart Park,Darwin
Suburb,Subiaco,Inner Perth
Suburb,Summer Hill,Inner West Sydney
Suburb,Summerhill,Launceston
Suburb,Sunnybank,South Brisbane
Suburb,Sunnybank Hills,South Brisbane
Suburb,Sunshine,Western Melbourne
Suburb,Sunshine Beach,Sunshine Coast
Suburb,Sunshine North,Western Melbourne
Suburb,Sunshine West,Western Melbourne
Suburb,Surfers Paradise,Gold Coast
Suburb,Surrey Hills,Inner East Melbourne
Suburb,Surry Hills,Sydney CBD & Surrounds
Suburb,Sutherland,Sutherland Shire
Suburb,Swan,Eastern Perth
Suburb,Swanbourne,Inner Perth
Suburb,Sydenham,Inner West Sydney
Suburb,Sydney,Sydney CBD & Surrounds
Suburb,Sylvania,Sutherland Shire
Suburb,Sylvania Waters,Sutherland Shire
Suburb,Tamarama,Eastern Suburbs
Suburb,Tanah Merah,Logan & Beenleigh
Suburb,Taringa,Inner Brisbane
Suburb,Tarneit,Western Melbourne
Suburb,Tarragindi,South Brisbane
Suburb,Taylor,Gungahlin
Suburb,Tea Tree Gully,Northern Adelaide
Suburb,Tempe,Inner West Sydney
Suburb,Templestowe,Inner East Melbourne
Suburb,Templestowe Lower,Inner East Melbourne
Suburb,Teneriffe,Inner Brisbane
Suburb,Terrey Hills,Northern Beaches
Suburb,Terrigal,Central Coast
Suburb,Tewantin,Sunshine Coast
Suburb,The Entrance,Central Coast
Suburb,The Ponds,Blacktown & Mount Druitt
Suburb,The Rocks,Sydney CBD & Surrounds
Suburb,Theodore,Tuggeranong
Suburb,Thirroul,Wollongong & Illawarra
Suburb,Thomastown,Northern Melbourne
Suburb,Thornbury,Inner Melbourne
Suburb,Thornlands,Redlands
Suburb,Thuringowa,Townsville
Suburb,Tingalpa,East Brisbane & Bayside
Suburb,Tiwi,Darwin
Suburb,Toongabbie,Hills District
Suburb,Toorak,Inner South Melbourne
Suburb,Toowong,Inner Brisbane
Suburb,Toowoomba,Toowoomba
Suburb,Toronto,Newcastle & Hunter
Suburb,Torquay,Geelong & Surf Coast
Suburb,Torrens,Woden & Weston Creek
Suburb,Toukley,Central Coast
Suburb,Town Camp,Alice Springs
Suburb,Townsville,Townsville
Suburb,Tregear,Blacktown & Mount Druitt
Suburb,Trinity Beach,Cairns
Suburb,Truganina,Western Melbourne
Suburb,Tuggerah,Central Coast
Suburb,Tuggeranong,Tuggeranong
Suburb,Tugun,Gold Coast
Suburb,Turramurra,Upper North Shore
Suburb,Turrella,St George
Suburb,Ultimo,Sydney CBD & Surrounds
Suburb,Ulverstone,North West Tasmania
Suburb,Umina Beach,Central Coast
Suburb,Underwood,Logan & Beenleigh
Suburb,Unley,Inner Adelaide
Suburb,Upper Coomera,Gold Coast North
Suburb,Upper Ferntree Gully,Outer East Melbourne
Suburb,Upper Mount Gravatt,South Brisbane
Suburb,Varsity Lakes,Gold Coast
Suburb,Vaucluse,Eastern Suburbs
Suburb,Vermont,South East Melbourne
Suburb,Vermont South,South East Melbourne
Suburb,Victoria Park,Inner Perth
Suburb,Victoria Point,Redlands
Suburb,Viewbank,Northern Melbourne
Suburb,Villawood,Western Sydney
Suburb,Virginia,North Brisbane
Suburb,Vista,Eastern Adelaide
Suburb,Wagaman,Darwin
Suburb,Wahroonga,Upper North Shore
Suburb,Waitara,Upper North Shore
Suburb,Wakeley,Western Sydney
Suburb,Wallsend,Newcastle & Hunter
Suburb,Wamberal,Central Coast
Suburb,Wanneroo,Northern Perth
Suburb,Wanniassa,Tuggeranong
Suburb,Wantirna,Outer East Melbourne
Suburb,Wantirna South,Outer East Melbourne
Suburb,Warana,Sunshine Coast
Suburb,Waratah,Newcastle & Hunter
Suburb,Warnbro,Southern Perth
Suburb,Warner,North Brisbane
Suburb,Warners Bay,Newcastle & Hunter
Suburb,Warrawee,Upper North Shore
Suburb,Warriewood,Northern Beaches
Suburb,Warwick,Northern Perth
Suburb,Waterloo,Sydney CBD & Surrounds
Suburb,Watson,Inner Canberra
Suburb,Watsonia,Northern Melbourne
Suburb,Watsons Bay,Eastern Suburbs
Suburb,Waurn Ponds,Geelong & Surf Coast
Suburb,Wavell Heights,North Brisbane
Suburb,Waverley,Eastern Suburbs
Suburb,Waverton,Lower North Shore
Suburb,Wellington Point,Redlands
Suburb,Wendouree,Ballarat
Suburb,Werribee,Western Melbourne
Suburb,Werrington,Penrith & Blue Mountains
Suburb,West End,Inner Brisbane
Suburb,West Gosford,Central Coast
Suburb,West Hobart,Hobart
Suburb,West Lakes,Western Adelaide & Glenelg
Suburb,West Melbourne,Inner Melbourne
Suburb,West Pennant Hills,Hills District
Suburb,West Perth,Inner Perth
Suburb,West Ryde,Upper North Shore
Suburb,Westmead,Parramatta & Surrounds
Suburb,Weston,Woden & Weston Creek
Suburb,Wetherill Park,Western Sydney
Suburb,Whalan,Blacktown & Mount Druitt
Suburb,Whale Beach,Northern Beaches
Suburb,Wheelers Hill,South East Melbourne
Suburb,Whitfield,Cairns
Suburb,Willetton,South Perth & Fremantle
Suburb,Williamstown,Western Melbourne
Suburb,Willmot,Blacktown & Mount Druitt
Suburb,Willoughby,Upper North Shore
Suburb,Willow Vale,Gold Coast North
Suburb,Wilsonton,Toowoomba
Suburb,Windsor,Inner South Melbourne
Suburb,Winmalee,Penrith & Blue Mountains
Suburb,Winston Hills,Hills District
Suburb,Winthrop,South Perth & Fremantle
Suburb,Wishart,South Brisbane
Suburb,Woden,Woden & Weston Creek
Suburb,Wolli Creek,St George
Suburb,Wollongong,Wollongong & Illawarra
Suburb,Wollstonecraft,Lower North Shore
Suburb,Woodcroft,Hills District
Suburb,Woodridge,Logan & Beenleigh
Suburb,Woodvale,Northern Perth
Suburb,Woodville,Western Adelaide & Glenelg
Suburb,Woollahra,Eastern Suburbs
Suburb,Woolloomooloo,Sydney CBD & Surrounds
Suburb,Woolooware,Sutherland Shire
Suburb,Woolwich,Lower North Shore
Suburb,Woy Woy,Central Coast
Suburb,Wyndham Vale,Western Melbourne
Suburb,Wynnum,East Brisbane & Bayside
Suburb,Wynnum West,East Brisbane & Bayside
Suburb,Wynyard,North West Tasmania
Suburb,Wyong,Central Coast
Suburb,Yanchep,Northern Perth
Suburb,Yarra Glen,Outer East Melbourne
Suburb,Yarralumla,Inner Canberra
Suburb,Yarraville,Western Melbourne
Suburb,Yennora,Western Sydney
Suburb,Yeronga,South Brisbane
Suburb,Youngtown,Launceston
Suburb,Zetland,Sydney CBD & Surrounds
Suburb,Zillmere,North Brisbane
Postcode,0800,Darwin
Postcode,0801,Darwin
Postcode,0804,Darwin
Postcode,0810,Darwin
Postcode,0811,Darwin
Postcode,0812,Darwin
Postcode,0813,Darwin
Postcode,0814,Darwin
Postcode,0815,Darwin
Postcode,0820,Darwin
Postcode,0828,Darwin
Postcode,0829,Darwin
Postcode,0830,Darwin
Postcode,0832,Darwin
Postcode,0835,Darwin
Postcode,0836,Darwin
Postcode,0837,Darwin
Postcode,0840,Darwin
Postcode,0870,Alice Springs
Postcode,0871,Alice Springs
Postcode,0872,Alice Springs
Postcode,0873,Alice Springs
Postcode,0874,Alice Springs
Postcode,0875,Alice Springs
Postcode,0877,Alice Springs
Postcode,2000,Sydney CBD & Surrounds
Postcode,2007,Sydney CBD & Surrounds
Postcode,2008,Sydney CBD & Surrounds
Postcode,2009,Sydney CBD & Surrounds
Postcode,2010,Sydney CBD & Surrounds
Postcode,2011,Sydney CBD & Surrounds
Postcode,2015,Sydney CBD & Surrounds
Postcode,2016,Sydney CBD & Surrounds
Postcode,2017,Sydney CBD & Surrounds
Postcode,2018,Sydney CBD & Surrounds
Postcode,2019,Sydney CBD & Surrounds
Postcode,2020,Sydney CBD & Surrounds
Postcode,2021,Eastern Suburbs
Postcode,2022,Eastern Suburbs
Postcode,2023,Eastern Suburbs
Postcode,2024,Eastern Suburbs
Postcode,2025,Eastern Suburbs
Postcode,2026,Eastern Suburbs
Postcode,2027,Eastern Suburbs
Postcode,2028,Eastern Suburbs
Postcode,2029,Eastern Suburbs
Postcode,2030,Eastern Suburbs
Postcode,2031,Eastern Suburbs
Postcode,2032,Eastern Suburbs
Postcode,2033,Eastern Suburbs
Postcode,2034,Eastern Suburbs
Postcode,2035,Eastern Suburbs
Postcode,2036,Eastern Suburbs
Postcode,2037,Inner West Sydney
Postcode,2038,Inner West Sydney
Postcode,2039,Inner West Sydney
Postcode,2040,Inner West Sydney
Postcode,2041,Inner West Sydney
Postcode,2042,Inner West Sydney
Postcode,2043,Inner West Sydney
Postcode,2044,Inner West Sydney
Postcode,2045,Inner West Sydney
Postcode,2046,Inner West Sydney
Postcode,2047,Inner West Sydney
Postcode,2048,Inner West Sydney
Postcode,2049,Inner West Sydney
Postcode,2050,Inner West Sydney
Postcode,2060,Lower North Shore
Postcode,2061,Lower North Shore
Postcode,2062,Lower North Shore
Postcode,2063,Lower North Shore
Postcode,2064,Lower North Shore
Postcode,2065,Lower North Shore
Postcode,2066,Lower North Shore
Postcode,2067,Lower North Shore
Postcode,2068,Lower North Shore
Postcode,2069,Lower North Shore
Postcode,2070,Upper North Shore
Postcode,2071,Upper North Shore
Postcode,2072,Upper North Shore
Postcode,2073,Upper North Shore
Postcode,2074,Upper North Shore
Postcode,2075,Upper North Shore
Postcode,2076,Upper North Shore
Postcode,2077,Upper North Shore
Postcode,2079,Upper North Shore
Postcode,2080,Upper North Shore
Postcode,2081,Upper North Shore
Postcode,2082,Upper North Shore
Postcode,2084,Northern Beaches
Postcode,2085,Northern Beaches
Postcode,2086,Northern Beaches
Postcode,2087,Northern Beaches
Postcode,2088,Lower North Shore
Postcode,2089,Lower North Shore
Postcode,2090,Lower North Shore
Postcode,2093,Northern Beaches
Postcode,2094,Northern Beaches
Postcode,2095,Northern Beaches
Postcode,2096,Northern Beaches
Postcode,2097,Northern Beaches
Postcode,2099,Northern Beaches
Postcode,2100,Northern Beaches
Postcode,2101,Northern Beaches
Postcode,2102,Northern Beaches
Postcode,2103,Northern Beaches
Postcode,2104,Northern Beaches
Postcode,2105,Northern Beaches
Postcode,2106,Northern Beaches
Postcode,2107,Northern Beaches
Postcode,2108,Northern Beaches
Postcode,2110,Upper North Shore
Postcode,2111,Upper North Shore
Postcode,2112,Upper North Shore
Postcode,2113,Upper North Shore
Postcode,2114,Upper North Shore
Postcode,2115,Parramatta & Surrounds
Postcode,2116,Upper North Shore
Postcode,2117,Parramatta & Surrounds
Postcode,2118,Parramatta & Surrounds
Postcode,2119,Parramatta & Surrounds
Postcode,2120,Parramatta & Surrounds
Postcode,2121,Parramatta & Surrounds
Postcode,2122,Parramatta & Surrounds
Postcode,2123,Parramatta & Surrounds
Postcode,2124,Parramatta & Surrounds
Postcode,2125,Parramatta & Surrounds
Postcode,2126,Parramatta & Surrounds
Postcode,2127,Parramatta & Surrounds
Postcode,2128,Parramatta & Surrounds
Postcode,2130,Inner West Sydney
Postcode,2131,Inner West Sydney
Postcode,2132,Inner West Sydney
Postcode,2133,Inner West Sydney
Postcode,2134,Inner West Sydney
Postcode,2135,Inner West Sydney
Postcode,2136,Inner West Sydney
Postcode,2137,Inner West Sydney
Postcode,2140,Parramatta & Surrounds
Postcode,2141,Parramatta & Surrounds
Postcode,2142,Parramatta & Surrounds
Postcode,2143,Parramatta & Surrounds
Postcode,2144,Parramatta & Surrounds
Postcode,2145,Parramatta & Surrounds
Postcode,2146,Parramatta & Surrounds
Postcode,2147,Parramatta & Surrounds
Postcode,2148,Blacktown & Mount Druitt
Postcode,2150,Parramatta & Surrounds
Postcode,2151,Parramatta & Surrounds
Postcode,2152,Parramatta & Surrounds
Postcode,2153,Hills District
Postcode,2154,Hills District
Postcode,2155,Hills District
Postcode,2156,Hills District
Postcode,2157,Hills District
Postcode,2158,Hills District
Postcode,2159,Hills District
Postcode,2160,Parramatta & Surrounds
Postcode,2161,Parramatta & Surrounds
Postcode,2162,Parramatta & Surrounds
Postcode,2163,Parramatta & Surrounds
Postcode,2164,Western Sydney
Postcode,2165,Western Sydney
Postcode,2166,Western Sydney
Postcode,2167,Western Sydney
Postcode,2168,Western Sydney
Postcode,2170,Western Sydney
Postcode,2171,Western Sydney
Postcode,2172,Western Sydney
Postcode,2173,Western Sydney
Postcode,2203,Inner West Sydney
Postcode,2204,Inner West Sydney
Postcode,2205,St George
Postcode,2206,St George
Postcode,2207,St George
Postcode,2208,St George
Postcode,2209,St George
Postcode,2210,St George
Postcode,2211,St George
Postcode,2212,St George
Postcode,2213,St George
Postcode,2214,St George
Postcode,2216,St George
Postcode,2217,St George
Postcode,2218,Sutherland Shire
Postcode,2219,Sutherland Shire
Postcode,2220,Sutherland Shire
Postcode,2221,Sutherland Shire
Postcode,2222,Sutherland Shire
Postcode,2223,Sutherland Shire
Postcode,2224,Sutherland Shire
Postcode,2225,Sutherland Shire
Postcode,2226,Sutherland Shire
Postcode,2227,Sutherland Shire
Postcode,2228,Sutherland Shire
Postcode,2229,Sutherland Shire
Postcode,2230,Sutherland Shire
Postcode,2250,Central Coast
Postcode,2251,Central Coast
Postcode,2252,Central Coast
Postcode,2256,Central Coast
Postcode,2257,Central Coast
Postcode,2258,Central Coast
Postcode,2259,Central Coast
Postcode,2260,Central Coast
Postcode,2261,Central Coast
Postcode,2262,Central Coast
Postcode,2263,Central Coast
Postcode,2264,Central Coast
Postcode,2265,Central Coast
Postcode,2283,Newcastle & Hunter
Postcode,2284,Newcastle & Hunter
Postcode,2285,Newcastle & Hunter
Postcode,2286,Newcastle & Hunter
Postcode,2287,Newcastle & Hunter
Postcode,2289,Newcastle & Hunter
Postcode,2290,Newcastle & Hunter
Postcode,2291,Newcastle & Hunter
Postcode,2292,Newcastle & Hunter
Postcode,2293,Newcastle & Hunter
Postcode,2294,Newcastle & Hunter
Postcode,2295,Newcastle & Hunter
Postcode,2296,Newcastle & Hunter
Postcode,2297,Newcastle & Hunter
Postcode,2298,Newcastle & Hunter
Postcode,2299,Newcastle & Hunter
Postcode,2300,Newcastle & Hunter
Postcode,2302,Newcastle & Hunter
Postcode,2303,Newcastle & Hunter
Postcode,2304,Newcastle & Hunter
Postcode,2305,Newcastle & Hunter
Postcode,2306,Newcastle & Hunter
Postcode,2307,Newcastle & Hunter
Postcode,2308,Newcastle & Hunter
Postcode,2320,Newcastle & Hunter
Postcode,2321,Newcastle & Hunter
Postcode,2322,Newcastle & Hunter
Postcode,2500,Wollongong & Illawarra
Postcode,2502,Wollongong & Illawarra
Postcode,2505,Wollongong & Illawarra
Postcode,2506,Wollongong & Illawarra
Postcode,2515,Wollongong & Illawarra
Postcode,2516,Wollongong & Illawarra
Postcode,2517,Wollongong & Illawarra
Postcode,2518,Wollongong & Illawarra
Postcode,2519,Wollongong & Illawarra
Postcode,2525,Wollongong & Illawarra
Postcode,2526,Wollongong & Illawarra
Postcode,2527,Wollongong & Illawarra
Postcode,2528,Wollongong & Illawarra
Postcode,2529,Wollongong & Illawarra
Postcode,2530,Wollongong & Illawarra
Postcode,2560,South West Sydney
Postcode,2564,South West Sydney
Postcode,2565,South West Sydney
Postcode,2566,South West Sydney
Postcode,2567,South West Sydney
Postcode,2570,South West Sydney
Postcode,2571,South West Sydney
Postcode,2600,Inner Canberra
Postcode,2601,Inner Canberra
Postcode,2602,Inner Canberra
Postcode,2603,Inner Canberra
Postcode,2604,Inner Canberra
Postcode,2605,Inner Canberra
Postcode,2606,Inner Canberra
Postcode,2607,Inner Canberra
Postcode,2608,Inner Canberra
Postcode,2609,Inner Canberra
Postcode,2611,Woden & Weston Creek
Postcode,2612,Inner Canberra
Postcode,2614,Belconnen
Postcode,2615,Belconnen
Postcode,2616,Belconnen
Postcode,2617,Belconnen
Postcode,2620,Tuggeranong
Postcode,2745,South West Sydney
Postcode,2747,Penrith & Blue Mountains
Postcode,2748,Penrith & Blue Mountains
Postcode,2750,Penrith & Blue Mountains
Postcode,2751,Penrith & Blue Mountains
Postcode,2752,Penrith & Blue Mountains
Postcode,2753,Penrith & Blue Mountains
Postcode,2754,Penrith & Blue Mountains
Postcode,2756,Penrith & Blue Mountains
Postcode,2757,Penrith & Blue Mountains
Postcode,2758,Penrith & Blue Mountains
Postcode,2759,Penrith & Blue Mountains
Postcode,2760,Penrith & Blue Mountains
Postcode,2761,Penrith & Blue Mountains
Postcode,2762,Penrith & Blue Mountains
Postcode,2763,Penrith & Blue Mountains
Postcode,2765,Blacktown & Mount Druitt
Postcode,2766,Blacktown & Mount Druitt
Postcode,2767,Blacktown & Mount Druitt
Postcode,2768,Blacktown & Mount Druitt
Postcode,2769,Blacktown & Mount Druitt
Postcode,2770,Blacktown & Mount Druitt
Postcode,2774,Penrith & Blue Mountains
Postcode,2775,Penrith & Blue Mountains
Postcode,2776,Penrith & Blue Mountains
Postcode,2900,Tuggeranong
Postcode,2901,Tuggeranong
Postcode,2902,Tuggeranong
Postcode,2903,Tuggeranong
Postcode,2904,Tuggeranong
Postcode,2905,Tuggeranong
Postcode,2906,Tuggeranong
Postcode,2911,Gungahlin
Postcode,2912,Gungahlin
Postcode,2913,Gungahlin
Postcode,2914,Gungahlin
Postcode,3000,Inner Melbourne
Postcode,3002,Inner Melbourne
Postcode,3003,Inner Melbourne
Postcode,3004,Inner Melbourne
Postcode,3006,Inner Melbourne
Postcode,3011,Western Melbourne
Postcode,3012,Western Melbourne
Postcode,3013,Western Melbourne
Postcode,3015,Western Melbourne
Postcode,3016,Western Melbourne
Postcode,3018,Western Melbourne
Postcode,3019,Western Melbourne
Postcode,3020,Western Melbourne
Postcode,3021,Western Melbourne
Postcode,3022,Western Melbourne
Postcode,3023,Western Melbourne
Postcode,3024,Western Melbourne
Postcode,3025,Western Melbourne
Postcode,3026,Western Melbourne
Postcode,3027,Western Melbourne
Postcode,3028,Western Melbourne
Postcode,3029,Western Melbourne
Postcode,3030,Western Melbourne
Postcode,3031,Inner Melbourne
Postcode,3051,Inner Melbourne
Postcode,3052,Inner Melbourne
Postcode,3053,Inner Melbourne
Postcode,3054,Inner Melbourne
Postcode,3055,Inner Melbourne
Postcode,3056,Inner Melbourne
Postcode,3057,Inner Melbourne
Postcode,3058,Inner Melbourne
Postcode,3066,Inner Melbourne
Postcode,3067,Inner Melbourne
Postcode,3068,Inner Melbourne
Postcode,3071,Inner Melbourne
Postcode,3072,Inner Melbourne
Postcode,3073,Northern Melbourne
Postcode,3074,Northern Melbourne
Postcode,3075,Northern Melbourne
Postcode,3076,Northern Melbourne
Postcode,3078,Inner Melbourne
Postcode,3083,Northern Melbourne
Postcode,3084,Northern Melbourne
Postcode,3085,Northern Melbourne
Postcode,3086,Northern Melbourne
Postcode,3087,Northern Melbourne
Postcode,3088,Northern Melbourne
Postcode,3089,Northern Melbourne
Postcode,3090,Northern Melbourne
Postcode,3091,Northern Melbourne
Postcode,3093,Northern Melbourne
Postcode,3094,Northern Melbourne
Postcode,3095,Northern Melbourne
Postcode,3096,Northern Melbourne
Postcode,3097,Northern Melbourne
Postcode,3101,Inner Melbourne
Postcode,3122,Inner East Melbourne
Postcode,3123,Inner East Melbourne
Postcode,3124,Inner East Melbourne
Postcode,3125,Inner East Melbourne
Postcode,3126,Inner East Melbourne
Postcode,3127,Inner East Melbourne
Postcode,3128,Inner East Melbourne
Postcode,3129,Inner East Melbourne
Postcode,3130,Inner East Melbourne
Postcode,3131,Inner East Melbourne
Postcode,3132,Inner East Melbourne
Postcode,3141,Inner South Melbourne
Postcode,3142,Inner South Melbourne
Postcode,3150,South East Melbourne
Postcode,3151,South East Melbourne
Postcode,3152,South East Melbourne
Postcode,3153,South East Melbourne
Postcode,3154,South East Melbourne
Postcode,3155,South East Melbourne
Postcode,3156,South East Melbourne
Postcode,3158,Outer East Melbourne
Postcode,3159,Outer East Melbourne
Postcode,3160,Outer East Melbourne
Postcode,3161,Inner South Melbourne
Postcode,3162,Inner South Melbourne
Postcode,3163,Inner South Melbourne
Postcode,3166,South East Melbourne
Postcode,3167,South East Melbourne
Postcode,3168,South East Melbourne
Postcode,3170,South East Melbourne
Postcode,3171,South East Melbourne
Postcode,3172,South East Melbourne
Postcode,3173,South East Melbourne
Postcode,3174,South East Melbourne
Postcode,3175,South East Melbourne
Postcode,3176,South East Melbourne
Postcode,3177,South East Melbourne
Postcode,3178,Outer East Melbourne
Postcode,3179,Outer East Melbourne
Postcode,3180,Outer East Melbourne
Postcode,3181,Inner South Melbourne
Postcode,3182,Inner South Melbourne
Postcode,3183,Inner South Melbourne
Postcode,3184,Inner South Melbourne
Postcode,3185,Inner South Melbourne
Postcode,3186,Bayside Melbourne
Postcode,3187,Inner South Melbourne
Postcode,3188,Inner South Melbourne
Postcode,3189,Inner South Melbourne
Postcode,3191,Bayside Melbourne
Postcode,3192,Bayside Melbourne
Postcode,3193,Bayside Melbourne
Postcode,3194,Bayside Melbourne
Postcode,3195,Bayside Melbourne
Postcode,3196,Bayside Melbourne
Postcode,3197,Bayside Melbourne
Postcode,3198,Bayside Melbourne
Postcode,3199,Frankston & Mornington Peninsula
Postcode,3200,Frankston & Mornington Peninsula
Postcode,3201,Frankston & Mornington Peninsula
Postcode,3202,Frankston & Mornington Peninsula
Postcode,3214,Geelong & Surf Coast
Postcode,3215,Geelong & Surf Coast
Postcode,3216,Geelong & Surf Coast
Postcode,3217,Geelong & Surf Coast
Postcode,3218,Geelong & Surf Coast
Postcode,3219,Geelong & Surf Coast
Postcode,3220,Geelong & Surf Coast
Postcode,3221,Geelong & Surf Coast
Postcode,3222,Geelong & Surf Coast
Postcode,3223,Geelong & Surf Coast
Postcode,3224,Geelong & Surf Coast
Postcode,3225,Geelong & Surf Coast
Postcode,3226,Geelong & Surf Coast
Postcode,3227,Geelong & Surf Coast
Postcode,3228,Geelong & Surf Coast
Postcode,3231,Geelong & Surf Coast
Postcode,3350,Ballarat
Postcode,3351,Ballarat
Postcode,3352,Ballarat
Postcode,3353,Ballarat
Postcode,3354,Ballarat
Postcode,3355,Ballarat
Postcode,3356,Ballarat
Postcode,3550,Bendigo
Postcode,3551,Bendigo
Postcode,3552,Bendigo
Postcode,3554,Bendigo
Postcode,3555,Bendigo
Postcode,3556,Bendigo
Postcode,3910,Frankston & Mornington Peninsula
Postcode,3911,Frankston & Mornington Peninsula
Postcode,3912,Frankston & Mornington Peninsula
Postcode,3913,Frankston & Mornington Peninsula
Postcode,3914,Frankston & Mornington Peninsula
Postcode,3915,Frankston & Mornington Peninsula
Postcode,3916,Frankston & Mornington Peninsula
Postcode,3918,Frankston & Mornington Peninsula
Postcode,3919,Frankston & Mornington Peninsula
Postcode,3920,Frankston & Mornington Peninsula
Postcode,3930,Frankston & Mornington Peninsula
Postcode,3931,Frankston & Mornington Peninsula
Postcode,3934,Frankston & Mornington Peninsula
Postcode,3936,Frankston & Mornington Peninsula
Postcode,3937,Frankston & Mornington Peninsula
Postcode,3938,Frankston & Mornington Peninsula
Postcode,3939,Frankston & Mornington Peninsula
Postcode,3940,Frankston & Mornington Peninsula
Postcode,3941,Frankston & Mornington Peninsula
Postcode,3942,Frankston & Mornington Peninsula
Postcode,3943,Frankston & Mornington Peninsula
Postcode,3944,Frankston & Mornington Peninsula
Postcode,4000,Inner Brisbane
Postcode,4005,Inner Brisbane
Postcode,4006,Inner Brisbane
Postcode,4007,Inner Brisbane
Postcode,4017,Moreton Bay
Postcode,4018,Moreton Bay
Postcode,4019,Moreton Bay
Postcode,4020,Moreton Bay
Postcode,4021,Moreton Bay
Postcode,4022,Moreton Bay
Postcode,4032,North Brisbane
Postcode,4034,North Brisbane
Postcode,4035,North Brisbane
Postcode,4036,North Brisbane
Postcode,4037,North Brisbane
Postcode,4059,Inner Brisbane
Postcode,4060,Inner Brisbane
Postcode,4061,Inner Brisbane
Postcode,4064,Inner Brisbane
Postcode,4065,Inner Brisbane
Postcode,4066,Inner Brisbane
Postcode,4067,Inner Brisbane
Postcode,4068,Inner Brisbane
Postcode,4069,Inner Brisbane
Postcode,4101,Inner Brisbane
Postcode,4102,Inner Brisbane
Postcode,4103,Inner Brisbane
Postcode,4104,South Brisbane
Postcode,4105,South Brisbane
Postcode,4106,South Brisbane
Postcode,4107,South Brisbane
Postcode,4108,South Brisbane
Postcode,4109,South Brisbane
Postcode,4110,South Brisbane
Postcode,4111,South Brisbane
Postcode,4112,South Brisbane
Postcode,4113,South Brisbane
Postcode,4114,South Brisbane
Postcode,4115,South Brisbane
Postcode,4116,South Brisbane
Postcode,4117,South Brisbane
Postcode,4118,South Brisbane
Postcode,4119,South Brisbane
Postcode,4120,South Brisbane
Postcode,4121,South Brisbane
Postcode,4122,South Brisbane
Postcode,4123,South Brisbane
Postcode,4129,Logan & Beenleigh
Postcode,4130,Logan & Beenleigh
Postcode,4131,Logan & Beenleigh
Postcode,4132,Logan & Beenleigh
Postcode,4133,Logan & Beenleigh
Postcode,4151,East Brisbane & Bayside
Postcode,4152,East Brisbane & Bayside
Postcode,4153,East Brisbane & Bayside
Postcode,4154,East Brisbane & Bayside
Postcode,4155,East Brisbane & Bayside
Postcode,4156,East Brisbane & Bayside
Postcode,4157,East Brisbane & Bayside
Postcode,4158,East Brisbane & Bayside
Postcode,4159,East Brisbane & Bayside
Postcode,4160,East Brisbane & Bayside
Postcode,4161,East Brisbane & Bayside
Postcode,4163,Redlands
Postcode,4164,East Brisbane & Bayside
Postcode,4165,Redlands
Postcode,4170,East Brisbane & Bayside
Postcode,4171,East Brisbane & Bayside
Postcode,4172,East Brisbane & Bayside
Postcode,4173,Redlands
Postcode,4174,East Brisbane & Bayside
Postcode,4175,East Brisbane & Bayside
Postcode,4205,Logan & Beenleigh
Postcode,4207,Logan & Beenleigh
Postcode,4208,Logan & Beenleigh
Postcode,4210,Gold Coast North
Postcode,4211,Gold Coast North
Postcode,4212,Gold Coast North
Postcode,4213,Gold Coast North
Postcode,4214,Gold Coast North
Postcode,4215,Gold Coast North
Postcode,4216,Gold Coast North
Postcode,4217,Gold Coast
Postcode,4218,Gold Coast
Postcode,4219,Gold Coast
Postcode,4220,Gold Coast
Postcode,4221,Gold Coast
Postcode,4222,Gold Coast
Postcode,4223,Gold Coast
Postcode,4224,Gold Coast
Postcode,4225,Gold Coast
Postcode,4226,Gold Coast
Postcode,4227,Gold Coast
Postcode,4228,Gold Coast
Postcode,4229,Gold Coast
Postcode,4300,Ipswich & Springfield
Postcode,4301,Ipswich & Springfield
Postcode,4302,Ipswich & Springfield
Postcode,4303,Ipswich & Springfield
Postcode,4304,Ipswich & Springfield
Postcode,4305,Ipswich & Springfield
Postcode,4306,Ipswich & Springfield
Postcode,4307,Ipswich & Springfield
Postcode,4308,Ipswich & Springfield
Postcode,4309,Ipswich & Springfield
Postcode,4310,Ipswich & Springfield
Postcode,4311,Ipswich & Springfield
Postcode,4350,Toowoomba
Postcode,4351,Toowoomba
Postcode,4352,Toowoomba
Postcode,4500,North Brisbane
Postcode,4501,North Brisbane
Postcode,4502,North Brisbane
Postcode,4503,North Brisbane
Postcode,4504,North Brisbane
Postcode,4505,North Brisbane
Postcode,4550,Sunshine Coast
Postcode,4551,Sunshine Coast
Postcode,4552,Sunshine Coast
Postcode,4553,Sunshine Coast
Postcode,4554,Sunshine Coast
Postcode,4555,Sunshine Coast
Postcode,4556,Sunshine Coast
Postcode,4557,Sunshine Coast
Postcode,4558,Sunshine Coast
Postcode,4559,Sunshine Coast
Postcode,4560,Sunshine Coast
Postcode,4561,Sunshine Coast
Postcode,4562,Sunshine Coast
Postcode,4563,Sunshine Coast
Postcode,4564,Sunshine Coast
Postcode,4565,Sunshine Coast
Postcode,4566,Sunshine Coast
Postcode,4567,Sunshine Coast
Postcode,4568,Sunshine Coast
Postcode,4569,Sunshine Coast
Postcode,4570,Sunshine Coast
Postcode,4810,Townsville
Postcode,4811,Townsville
Postcode,4812,Townsville
Postcode,4813,Townsville
Postcode,4814,Townsville
Postcode,4815,Townsville
Postcode,4816,Townsville
Postcode,4817,Townsville
Postcode,4818,Townsville
Postcode,4868,Cairns
Postcode,4869,Cairns
Postcode,4870,Cairns
Postcode,4871,Cairns
Postcode,4872,Cairns
Postcode,4878,Cairns
Postcode,4879,Cairns
Postcode,4880,Cairns
Postcode,5000,Inner Adelaide
Postcode,5006,Inner Adelaide
Postcode,5007,Inner Adelaide
Postcode,5008,Inner Adelaide
Postcode,5037,Western Adelaide & Glenelg
Postcode,5038,Western Adelaide & Glenelg
Postcode,5039,Western Adelaide & Glenelg
Postcode,5040,Western Adelaide & Glenelg
Postcode,5041,Western Adelaide & Glenelg
Postcode,5042,Western Adelaide & Glenelg
Postcode,5043,Western Adelaide & Glenelg
Postcode,5044,Western Adelaide & Glenelg
Postcode,5045,Western Adelaide & Glenelg
Postcode,5046,Western Adelaide & Glenelg
Postcode,5061,Inner Adelaide
Postcode,5062,Inner Adelaide
Postcode,5063,Inner Adelaide
Postcode,5064,Inner Adelaide
Postcode,5065,Inner Adelaide
Postcode,5066,Inner Adelaide
Postcode,5067,Inner Adelaide
Postcode,5068,Inner Adelaide
Postcode,5069,Inner Adelaide
Postcode,5070,Inner Adelaide
Postcode,5072,Eastern Adelaide
Postcode,5073,Eastern Adelaide
Postcode,5074,Eastern Adelaide
Postcode,5075,Eastern Adelaide
Postcode,5076,Eastern Adelaide
Postcode,5077,Eastern Adelaide
Postcode,5081,Eastern Adelaide
Postcode,5082,Eastern Adelaide
Postcode,5083,Eastern Adelaide
Postcode,5084,Eastern Adelaide
Postcode,5085,Eastern Adelaide
Postcode,5086,Eastern Adelaide
Postcode,5112,Northern Adelaide
Postcode,5113,Northern Adelaide
Postcode,5114,Northern Adelaide
Postcode,5115,Northern Adelaide
Postcode,5116,Northern Adelaide
Postcode,5117,Northern Adelaide
Postcode,5118,Northern Adelaide
Postcode,5125,Northern Adelaide
Postcode,5126,Northern Adelaide
Postcode,5127,Northern Adelaide
Postcode,5152,Adelaide Hills
Postcode,5153,Adelaide Hills
Postcode,5154,Adelaide Hills
Postcode,5155,Adelaide Hills
Postcode,5156,Adelaide Hills
Postcode,5157,Adelaide Hills
Postcode,5162,Southern Adelaide
Postcode,5163,Southern Adelaide
Postcode,5164,Southern Adelaide
Postcode,5165,Southern Adelaide
Postcode,5166,Southern Adelaide
Postcode,5167,Southern Adelaide
Postcode,5168,Southern Adelaide
Postcode,5169,Southern Adelaide
Postcode,5170,Southern Adelaide
Postcode,5171,Southern Adelaide
Postcode,6000,Inner Perth
Postcode,6003,Inner Perth
Postcode,6004,Inner Perth
Postcode,6005,Inner Perth
Postcode,6006,Inner Perth
Postcode,6007,Inner Perth
Postcode,6008,Inner Perth
Postcode,6009,Inner Perth
Postcode,6010,Inner Perth
Postcode,6011,Inner Perth
Postcode,6012,Inner Perth
Postcode,6014,Inner Perth
Postcode,6020,Northern Perth
Postcode,6021,Northern Perth
Postcode,6022,Northern Perth
Postcode,6023,Northern Perth
Postcode,6024,Northern Perth
Postcode,6025,Northern Perth
Postcode,6026,Northern Perth
Postcode,6027,Northern Perth
Postcode,6028,Northern Perth
Postcode,6029,Northern Perth
Postcode,6030,Northern Perth
Postcode,6031,Northern Perth
Postcode,6032,Northern Perth
Postcode,6033,Northern Perth
Postcode,6034,Northern Perth
Postcode,6035,Northern Perth
Postcode,6036,Northern Perth
Postcode,6037,Northern Perth
Postcode,6050,Eastern Perth
Postcode,6051,Eastern Perth
Postcode,6052,Eastern Perth
Postcode,6053,Eastern Perth
Postcode,6054,Eastern Perth
Postcode,6055,Eastern Perth
Postcode,6056,Eastern Perth
Postcode,6057,Eastern Perth
Postcode,6058,Eastern Perth
Postcode,6059,Eastern Perth
Postcode,6060,Eastern Perth
Postcode,6061,Eastern Perth
Postcode,6062,Eastern Perth
Postcode,6063,Eastern Perth
Postcode,6064,Eastern Perth
Postcode,6065,Eastern Perth
Postcode,6150,South Perth & Fremantle
Postcode,6151,South Perth & Fremantle
Postcode,6152,South Perth & Fremantle
Postcode,6153,South Perth & Fremantle
Postcode,6154,South Perth & Fremantle
Postcode,6155,South Perth & Fremantle
Postcode,6156,South Perth & Fremantle
Postcode,6157,South Perth & Fremantle
Postcode,6158,South Perth & Fremantle
Postcode,6159,South Perth & Fremantle
Postcode,6160,Inner Perth
Postcode,6163,South Perth & Fremantle
Postcode,6164,South Perth & Fremantle
Postcode,6165,South Perth & Fremantle
Postcode,6166,South Perth & Fremantle
Postcode,6167,South Perth & Fremantle
Postcode,6168,South Perth & Fremantle
Postcode,6169,South Perth & Fremantle
Postcode,6170,South Perth & Fremantle
Postcode,6171,South Perth & Fremantle
Postcode,6172,South Perth & Fremantle
Postcode,6210,Southern Perth
Postcode,6211,Southern Perth
Postcode,6213,Southern Perth
Postcode,6214,Southern Perth
Postcode,6215,Southern Perth
Postcode,7000,Hobart
Postcode,7004,Hobart
Postcode,7005,Hobart
Postcode,7007,Hobart
Postcode,7008,Hobart
Postcode,7009,Hobart
Postcode,7010,Hobart
Postcode,7011,Hobart
Postcode,7012,Hobart
Postcode,7015,Hobart
Postcode,7016,Hobart
Postcode,7017,Hobart
Postcode,7018,Hobart
Postcode,7019,Hobart
Postcode,7020,Hobart
Postcode,7021,Hobart
Postcode,7050,Hobart
Postcode,7051,Hobart
Postcode,7052,Hobart
Postcode,7053,Hobart
Postcode,7054,Hobart
Postcode,7248,Launceston
Postcode,7249,Launceston
Postcode,7250,Launceston
Postcode,7252,Launceston
Postcode,7253,Launceston
Postcode,7258,Launceston
Postcode,7259,Launceston
Postcode,7310,North West Tasmania
Postcode,7315,North West Tasmania
Postcode,7316,North West Tasmania
Postcode,7320,North West Tasmania
Postcode,7321,North West Tasmania
Postcode,7325,North West Tasmania
